model,generated,valid_midi,valid_rate,style_accuracy,structural_validity,pitch_range_naturalness,intra_style_diversity,cross_style_diversity,perplexity_mean,composite_no_perplexity
gpt2_finetuned,51,51,1.0,0.9583333333333334,1.0,1.0,0.5769879564110055,0.620319024394868,,0.8793771877341724
vae,51,51,1.0,0.9083333333333333,1.0,0.8708333333333333,0.6082584706189008,0.6849521529646957,,0.867482470035752
markov_baseline,51,51,1.0,0.85,1.0,0.9625,0.5751778159948275,0.6441537982701381,6.923686267745674,0.8616902306092808
scratch_transformer,51,51,1.0,0.8125,1.0,0.975,0.5717768216251007,0.5991759163407714,5.440515663468698,0.8512075339951245
