model,status,grammar_validity,OA_overall,test_nll,test_ppl,n_generated,n_midi_converted,n_midi_valid,n_conversion_failed
Real_TestSet (Oracle),oracle,1.0,1.0,,,100,100,98,0
Markov_Markov_k3_a0.1,ok,0.8,0.2573705894055774,1.489748884485196,4.435981435365873,20,20,20,0
Markov_k2_a0.2,ok,0.2,0.2712285425252714,1.5898288578256774,4.902909761883129,20,20,20,0
CharLSTM,ok,1.0,0.2098421755864921,0.996031444806319,2.707515554397467,20,20,20,0
GPT2_FT,ok,1.0,0.1235880814280647,,,20,19,19,1
TunesFormer,ok,1.0,0.1023617864498682,,,20,20,20,0
MelodyT5,ok,0.95,0.3021354282869055,,,20,19,19,1
