model,grammar_validity,pitch_count_mean,pch_entropy_mean,pitch_range_mean,avg_pitch_interval_mean,note_count_mean,avg_ioi_mean,scale_consistency_mean,OA_overall,test_nll,test_ppl,n_generated,n_midi_converted,n_midi_valid,n_conversion_failed,conversion_abc2midi,conversion_music21,conversion_fallback,status,error,OA_pitch_count,OA_pch_entropy,OA_pitch_range,OA_scale_cons,OA_note_count
Real_TestSet (Oracle),1.0,21.051020408163264,1.8923799162298107,35.183673469387756,7.154109140528329,323.85714285714283,0.204170307858616,0.98476155079133,1.0,,,100,100,98,0,,,,oracle,,,,,,
Markov_Markov_k3_a0.1,0.8,14.2,1.9481659740324744,21.45,3.206034378219168,147.7,0.3313354638118188,0.8776196083275021,0.2573705894055774,1.489748884485196,4.435981435365873,20,20,20,0,0.0,1.0,19.0,ok,,0.1684546303783383,0.5615058121990414,0.0529293583702988,0.246592556674631,0.2019351008591589
Markov_k2_a0.2,0.2,13.9,1.920419822235726,22.35,3.8189062722330553,137.2,0.3993570745604194,0.89452480632218,0.2712285425252714,1.5898288578256774,4.902909761883129,20,20,20,0,0.0,0.0,20.0,ok,,0.1673255154859314,0.5604620690878489,0.0973082205543854,0.2598183649729197,0.1881111565832001
CharLSTM,1.0,13.4,1.9290924191575332,20.4,2.4325779768896103,234.1,0.4866979636563786,0.8652262581299534,0.2098421755864921,0.996031444806319,2.707515554397467,20,20,20,0,0.0,0.0,20.0,ok,,0.1412997775882737,0.4560853879628131,0.0154642648442088,0.2265192719506731,0.5137770353277843
GPT2_FT,1.0,7.0,1.4580781290607547,13.36842105263158,3.2072966301519346,120.6842105263158,0.3018312793264157,0.9294226155620252,0.1235880814280647,,,20,19,19,1,0.0,9.0,10.0,ok,,0.0052967284080449,0.1982302839769126,0.0149047162133491,0.2759205971139524,0.3840252507231385
TunesFormer,1.0,7.95,1.619796353643931,13.65,2.343287901648832,83.25,0.3045441753167095,1.0,0.1023617864498682,,,20,20,20,0,0.0,19.0,1.0,ok,,0.0079867130558726,0.3874689824733816,0.0139914502702186,0.0,0.1818910152187543
MelodyT5,0.95,10.789473684210526,1.7378774844308182,18.157894736842103,2.987983779313142,171.73684210526315,0.3109316743414256,0.9968884645448868,0.3021354282869055,,,20,19,19,1,0.0,19.0,0.0,ok,,0.1950397037434206,0.4971669093537533,0.1307394743046828,0.3855956257457651,0.5831829029157075
